{
  "desc": {
    "mean": {
      "Gen X": 3.40825,
      "Gen Z": 4.1645,
      "Millennials": 3.8697500000000002
    },
    "std": {
      "Gen X": 0.2932950604446024,
      "Gen Z": 0.20602394196222476,
      "Millennials": 0.23009192344165996
    },
    "count": {
      "Gen X": 400,
      "Gen Z": 400,
      "Millennials": 400
    }
  },
  "n_genx": 400,
  "n_millennials": 400,
  "n_genz": 400,
  "mean_genx": 3.40825,
  "mean_millennials": 3.8697500000000002,
  "mean_genz": 4.1645,
  "std_genx": 0.2932950604446024,
  "std_millennials": 0.23009192344165996,
  "std_genz": 0.20602394196222476,
  "shapiro_gen_x": [
    0.9828184659862745,
    0.0001088619832362485
  ],
  "shapiro_millennials": [
    0.982678525987338,
    0.00010087603117171171
  ],
  "shapiro_gen_z": [
    0.9729959119900388,
    9.057499093905947e-07
  ],
  "levene": [
    16.59502356862721,
    7.780041408532531e-08
  ],
  "f_stat": 961.1081554074075,
  "p_anova": 1.1301116574237523e-249,
  "df_between": 2,
  "df_within": 1197,
  "tukey": "  Multiple Comparison of Means - Tukey HSD, FWER=0.05   \n========================================================\ngroup1    group2   meandiff p-adj  lower   upper  reject\n--------------------------------------------------------\n Gen X       Gen Z   0.7563   0.0  0.7154  0.7971   True\n Gen X Millennials   0.4615   0.0  0.4207  0.5023   True\n Gen Z Millennials  -0.2947   0.0 -0.3356 -0.2539   True\n--------------------------------------------------------",
  "kruskal_h": 771.7838607918469,
  "kruskal_p": 2.5660435219943103e-168
}